Id,Date,DayLongName,MonthLongName,CalendarDay,CalendarWeek,CalendarDayInWeek,CalendarMonth,CalendarQuarter,CalendarYear
"1","2023-01-01","Sunday","January","1","52","7","1","1","2023"
"2","2023-01-02","Monday","January","2","1","1","1","1","2023"
"3","2023-01-03","Tuesday","January","3","1","2","1","1","2023"
"4","2023-01-04","Wednesday","January","4","1","3","1","1","2023"
"5","2023-01-05","Thursday","January","5","1","4","1","1","2023"
"6","2023-01-06","Friday","January","6","1","5","1","1","2023"
"7","2023-01-07","Saturday","January","7","1","6","1","1","2023"
"8","2023-01-08","Sunday","January","8","1","7","1","1","2023"
"9","2023-01-09","Monday","January","9","2","1","1","1","2023"
"10","2023-01-10","Tuesday","January","10","2","2","1","1","2023"
"11","2023-01-11","Wednesday","January","11","2","3","1","1","2023"
"12","2023-01-12","Thursday","January","12","2","4","1","1","2023"
"13","2023-01-13","Friday","January","13","2","5","1","1","2023"
"14","2023-01-14","Saturday","January","14","2","6","1","1","2023"
"15","2023-01-15","Sunday","January","15","2","7","1","1","2023"
"16","2023-01-16","Monday","January","16","3","1","1","1","2023"
"17","2023-01-17","Tuesday","January","17","3","2","1","1","2023"
"18","2023-01-18","Wednesday","January","18","3","3","1","1","2023"
"19","2023-01-19","Thursday","January","19","3","4","1","1","2023"
"20","2023-01-20","Friday","January","20","3","5","1","1","2023"
"21","2023-01-21","Saturday","January","21","3","6","1","1","2023"
"22","2023-01-22","Sunday","January","22","3","7","1","1","2023"
"23","2023-01-23","Monday","January","23","4","1","1","1","2023"
"24","2023-01-24","Tuesday","January","24","4","2","1","1","2023"
"25","2023-01-25","Wednesday","January","25","4","3","1","1","2023"
"26","2023-01-26","Thursday","January","26","4","4","1","1","2023"
"27","2023-01-27","Friday","January","27","4","5","1","1","2023"
"28","2023-01-28","Saturday","January","28","4","6","1","1","2023"
"29","2023-01-29","Sunday","January","29","4","7","1","1","2023"
"30","2023-01-30","Monday","January","30","5","1","1","1","2023"
"31","2023-01-31","Tuesday","January","31","5","2","1","1","2023"
"101","2023-02-01","Wednesday","February","32","5","3","2","1","2023"
"102","2023-02-02","Thursday","February","33","5","4","2","1","2023"
"103","2023-02-03","Friday","February","34","5","5","2","1","2023"
"104","2023-02-04","Saturday","February","35","5","6","2","1","2023"
"105","2023-02-05","Sunday","February","36","5","7","2","1","2023"
"106","2023-02-06","Monday","February","37","6","1","2","1","2023"
"107","2023-02-07","Tuesday","February","38","6","2","2","1","2023"
"108","2023-02-08","Wednesday","February","39","6","3","2","1","2023"
"109","2023-02-09","Thursday","February","40","6","4","2","1","2023"
"110","2023-02-10","Friday","February","41","6","5","2","1","2023"
"111","2023-02-11","Saturday","February","42","6","6","2","1","2023"
"112","2023-02-12","Sunday","February","43","6","7","2","1","2023"
"113","2023-02-13","Monday","February","44","7","1","2","1","2023"
"114","2023-02-14","Tuesday","February","45","7","2","2","1","2023"
"115","2023-02-15","Wednesday","February","46","7","3","2","1","2023"
"116","2023-02-16","Thursday","February","47","7","4","2","1","2023"
"117","2023-02-17","Friday","February","48","7","5","2","1","2023"
"118","2023-02-18","Saturday","February","49","7","6","2","1","2023"
"119","2023-02-19","Sunday","February","50","7","7","2","1","2023"
"120","2023-02-20","Monday","February","51","8","1","2","1","2023"
"121","2023-02-21","Tuesday","February","52","8","2","2","1","2023"
"122","2023-02-22","Wednesday","February","53","8","3","2","1","2023"
"123","2023-02-23","Thursday","February","54","8","4","2","1","2023"
"124","2023-02-24","Friday","February","55","8","5","2","1","2023"
"125","2023-02-25","Saturday","February","56","8","6","2","1","2023"
"126","2023-02-26","Sunday","February","57","8","7","2","1","2023"
"127","2023-02-27","Monday","February","58","9","1","2","1","2023"
"128","2023-02-28","Tuesday","February","59","9","2","2","1","2023"
"201","2023-03-01","Wednesday","March","60","9","3","3","1","2023"
"202","2023-03-02","Thursday","March","61","9","4","3","1","2023"
"203","2023-03-03","Friday","March","62","9","5","3","1","2023"
"204","2023-03-04","Saturday","March","63","9","6","3","1","2023"
"205","2023-03-05","Sunday","March","64","9","7","3","1","2023"
"206","2023-03-06","Monday","March","65","10","1","3","1","2023"
"207","2023-03-07","Tuesday","March","66","10","2","3","1","2023"
"208","2023-03-08","Wednesday","March","67","10","3","3","1","2023"
"209","2023-03-09","Thursday","March","68","10","4","3","1","2023"
"210","2023-03-10","Friday","March","69","10","5","3","1","2023"
"211","2023-03-11","Saturday","March","70","10","6","3","1","2023"
"212","2023-03-12","Sunday","March","71","10","7","3","1","2023"
"213","2023-03-13","Monday","March","72","11","1","3","1","2023"
"214","2023-03-14","Tuesday","March","73","11","2","3","1","2023"
"215","2023-03-15","Wednesday","March","74","11","3","3","1","2023"
"216","2023-03-16","Thursday","March","75","11","4","3","1","2023"
"217","2023-03-17","Friday","March","76","11","5","3","1","2023"
"218","2023-03-18","Saturday","March","77","11","6","3","1","2023"
"219","2023-03-19","Sunday","March","78","11","7","3","1","2023"
"220","2023-03-20","Monday","March","79","12","1","3","1","2023"
"221","2023-03-21","Tuesday","March","80","12","2","3","1","2023"
"222","2023-03-22","Wednesday","March","81","12","3","3","1","2023"
"223","2023-03-23","Thursday","March","82","12","4","3","1","2023"
"224","2023-03-24","Friday","March","83","12","5","3","1","2023"
"225","2023-03-25","Saturday","March","84","12","6","3","1","2023"
"226","2023-03-26","Sunday","March","85","12","7","3","1","2023"
"227","2023-03-27","Monday","March","86","13","1","3","1","2023"
"228","2023-03-28","Tuesday","March","87","13","2","3","1","2023"
"229","2023-03-29","Wednesday","March","88","13","3","3","1","2023"
"230","2023-03-30","Thursday","March","89","13","4","3","1","2023"
"231","2023-03-31","Friday","March","90","13","5","3","1","2023"
"301","2023-04-01","Saturday","April","91","13","6","4","2","2023"
"302","2023-04-02","Sunday","April","92","13","7","4","2","2023"
"303","2023-04-03","Monday","April","93","14","1","4","2","2023"
"304","2023-04-04","Tuesday","April","94","14","2","4","2","2023"
"305","2023-04-05","Wednesday","April","95","14","3","4","2","2023"
"306","2023-04-06","Thursday","April","96","14","4","4","2","2023"
"307","2023-04-07","Friday","April","97","14","5","4","2","2023"
"308","2023-04-08","Saturday","April","98","14","6","4","2","2023"
"309","2023-04-09","Sunday","April","99","14","7","4","2","2023"
"310","2023-04-10","Monday","April","100","15","1","4","2","2023"
"311","2023-04-11","Tuesday","April","101","15","2","4","2","2023"
"312","2023-04-12","Wednesday","April","102","15","3","4","2","2023"
"313","2023-04-13","Thursday","April","103","15","4","4","2","2023"
"314","2023-04-14","Friday","April","104","15","5","4","2","2023"
"315","2023-04-15","Saturday","April","105","15","6","4","2","2023"
"316","2023-04-16","Sunday","April","106","15","7","4","2","2023"
"317","2023-04-17","Monday","April","107","16","1","4","2","2023"
"318","2023-04-18","Tuesday","April","108","16","2","4","2","2023"
"319","2023-04-19","Wednesday","April","109","16","3","4","2","2023"
"320","2023-04-20","Thursday","April","110","16","4","4","2","2023"
"321","2023-04-21","Friday","April","111","16","5","4","2","2023"
"322","2023-04-22","Saturday","April","112","16","6","4","2","2023"
"323","2023-04-23","Sunday","April","113","16","7","4","2","2023"
"324","2023-04-24","Monday","April","114","17","1","4","2","2023"
"325","2023-04-25","Tuesday","April","115","17","2","4","2","2023"
"326","2023-04-26","Wednesday","April","116","17","3","4","2","2023"
"327","2023-04-27","Thursday","April","117","17","4","4","2","2023"
"328","2023-04-28","Friday","April","118","17","5","4","2","2023"
"329","2023-04-29","Saturday","April","119","17","6","4","2","2023"
"330","2023-04-30","Sunday","April","120","17","7","4","2","2023"
"401","2023-05-01","Monday","May","121","18","1","5","2","2023"
"402","2023-05-02","Tuesday","May","122","18","2","5","2","2023"
"403","2023-05-03","Wednesday","May","123","18","3","5","2","2023"
"404","2023-05-04","Thursday","May","124","18","4","5","2","2023"
"405","2023-05-05","Friday","May","125","18","5","5","2","2023"
"406","2023-05-06","Saturday","May","126","18","6","5","2","2023"
"407","2023-05-07","Sunday","May","127","18","7","5","2","2023"
"408","2023-05-08","Monday","May","128","19","1","5","2","2023"
"409","2023-05-09","Tuesday","May","129","19","2","5","2","2023"
"410","2023-05-10","Wednesday","May","130","19","3","5","2","2023"
"411","2023-05-11","Thursday","May","131","19","4","5","2","2023"
"412","2023-05-12","Friday","May","132","19","5","5","2","2023"
"413","2023-05-13","Saturday","May","133","19","6","5","2","2023"
"414","2023-05-14","Sunday","May","134","19","7","5","2","2023"
"415","2023-05-15","Monday","May","135","20","1","5","2","2023"
"416","2023-05-16","Tuesday","May","136","20","2","5","2","2023"
"417","2023-05-17","Wednesday","May","137","20","3","5","2","2023"
"418","2023-05-18","Thursday","May","138","20","4","5","2","2023"
"419","2023-05-19","Friday","May","139","20","5","5","2","2023"
"420","2023-05-20","Saturday","May","140","20","6","5","2","2023"
"421","2023-05-21","Sunday","May","141","20","7","5","2","2023"
"422","2023-05-22","Monday","May","142","21","1","5","2","2023"
"423","2023-05-23","Tuesday","May","143","21","2","5","2","2023"
"424","2023-05-24","Wednesday","May","144","21","3","5","2","2023"
"425","2023-05-25","Thursday","May","145","21","4","5","2","2023"
"426","2023-05-26","Friday","May","146","21","5","5","2","2023"
"427","2023-05-27","Saturday","May","147","21","6","5","2","2023"
"428","2023-05-28","Sunday","May","148","21","7","5","2","2023"
"429","2023-05-29","Monday","May","149","22","1","5","2","2023"
"430","2023-05-30","Tuesday","May","150","22","2","5","2","2023"
"431","2023-05-31","Wednesday","May","151","22","3","5","2","2023"
"501","2023-06-01","Thursday","June","152","22","4","6","2","2023"
"502","2023-06-02","Friday","June","153","22","5","6","2","2023"
"503","2023-06-03","Saturday","June","154","22","6","6","2","2023"
"504","2023-06-04","Sunday","June","155","22","7","6","2","2023"
"505","2023-06-05","Monday","June","156","23","1","6","2","2023"
"506","2023-06-06","Tuesday","June","157","23","2","6","2","2023"
"507","2023-06-07","Wednesday","June","158","23","3","6","2","2023"
"508","2023-06-08","Thursday","June","159","23","4","6","2","2023"
"509","2023-06-09","Friday","June","160","23","5","6","2","2023"
"510","2023-06-10","Saturday","June","161","23","6","6","2","2023"
"511","2023-06-11","Sunday","June","162","23","7","6","2","2023"
"512","2023-06-12","Monday","June","163","24","1","6","2","2023"
"513","2023-06-13","Tuesday","June","164","24","2","6","2","2023"
"514","2023-06-14","Wednesday","June","165","24","3","6","2","2023"
"515","2023-06-15","Thursday","June","166","24","4","6","2","2023"
"516","2023-06-16","Friday","June","167","24","5","6","2","2023"
"517","2023-06-17","Saturday","June","168","24","6","6","2","2023"
"518","2023-06-18","Sunday","June","169","24","7","6","2","2023"
"519","2023-06-19","Monday","June","170","25","1","6","2","2023"
"520","2023-06-20","Tuesday","June","171","25","2","6","2","2023"
"521","2023-06-21","Wednesday","June","172","25","3","6","2","2023"
"522","2023-06-22","Thursday","June","173","25","4","6","2","2023"
"523","2023-06-23","Friday","June","174","25","5","6","2","2023"
"524","2023-06-24","Saturday","June","175","25","6","6","2","2023"
"525","2023-06-25","Sunday","June","176","25","7","6","2","2023"
"526","2023-06-26","Monday","June","177","26","1","6","2","2023"
"527","2023-06-27","Tuesday","June","178","26","2","6","2","2023"
"528","2023-06-28","Wednesday","June","179","26","3","6","2","2023"
"529","2023-06-29","Thursday","June","180","26","4","6","2","2023"
"530","2023-06-30","Friday","June","181","26","5","6","2","2023"
"601","2023-07-01","Saturday","July","182","26","6","7","3","2023"
"602","2023-07-02","Sunday","July","183","26","7","7","3","2023"
"603","2023-07-03","Monday","July","184","27","1","7","3","2023"
"604","2023-07-04","Tuesday","July","185","27","2","7","3","2023"
"605","2023-07-05","Wednesday","July","186","27","3","7","3","2023"
"606","2023-07-06","Thursday","July","187","27","4","7","3","2023"
"607","2023-07-07","Friday","July","188","27","5","7","3","2023"
"608","2023-07-08","Saturday","July","189","27","6","7","3","2023"
"609","2023-07-09","Sunday","July","190","27","7","7","3","2023"
"610","2023-07-10","Monday","July","191","28","1","7","3","2023"
"611","2023-07-11","Tuesday","July","192","28","2","7","3","2023"
"612","2023-07-12","Wednesday","July","193","28","3","7","3","2023"
"613","2023-07-13","Thursday","July","194","28","4","7","3","2023"
"614","2023-07-14","Friday","July","195","28","5","7","3","2023"
"615","2023-07-15","Saturday","July","196","28","6","7","3","2023"
"616","2023-07-16","Sunday","July","197","28","7","7","3","2023"
"617","2023-07-17","Monday","July","198","29","1","7","3","2023"
"618","2023-07-18","Tuesday","July","199","29","2","7","3","2023"
"619","2023-07-19","Wednesday","July","200","29","3","7","3","2023"
"620","2023-07-20","Thursday","July","201","29","4","7","3","2023"
"621","2023-07-21","Friday","July","202","29","5","7","3","2023"
"622","2023-07-22","Saturday","July","203","29","6","7","3","2023"
"623","2023-07-23","Sunday","July","204","29","7","7","3","2023"
"624","2023-07-24","Monday","July","205","30","1","7","3","2023"
"625","2023-07-25","Tuesday","July","206","30","2","7","3","2023"
"626","2023-07-26","Wednesday","July","207","30","3","7","3","2023"
"627","2023-07-27","Thursday","July","208","30","4","7","3","2023"
"628","2023-07-28","Friday","July","209","30","5","7","3","2023"
"629","2023-07-29","Saturday","July","210","30","6","7","3","2023"
"630","2023-07-30","Sunday","July","211","30","7","7","3","2023"
"631","2023-07-31","Monday","July","212","31","1","7","3","2023"
"701","2023-08-01","Tuesday","August","213","31","2","8","3","2023"
"702","2023-08-02","Wednesday","August","214","31","3","8","3","2023"
"703","2023-08-03","Thursday","August","215","31","4","8","3","2023"
"704","2023-08-04","Friday","August","216","31","5","8","3","2023"
"705","2023-08-05","Saturday","August","217","31","6","8","3","2023"
"706","2023-08-06","Sunday","August","218","31","7","8","3","2023"
"707","2023-08-07","Monday","August","219","32","1","8","3","2023"
"708","2023-08-08","Tuesday","August","220","32","2","8","3","2023"
"709","2023-08-09","Wednesday","August","221","32","3","8","3","2023"
"710","2023-08-10","Thursday","August","222","32","4","8","3","2023"
"711","2023-08-11","Friday","August","223","32","5","8","3","2023"
"712","2023-08-12","Saturday","August","224","32","6","8","3","2023"
"713","2023-08-13","Sunday","August","225","32","7","8","3","2023"
"714","2023-08-14","Monday","August","226","33","1","8","3","2023"
"715","2023-08-15","Tuesday","August","227","33","2","8","3","2023"
"716","2023-08-16","Wednesday","August","228","33","3","8","3","2023"
"717","2023-08-17","Thursday","August","229","33","4","8","3","2023"
"718","2023-08-18","Friday","August","230","33","5","8","3","2023"
"719","2023-08-19","Saturday","August","231","33","6","8","3","2023"
"720","2023-08-20","Sunday","August","232","33","7","8","3","2023"
"721","2023-08-21","Monday","August","233","34","1","8","3","2023"
"722","2023-08-22","Tuesday","August","234","34","2","8","3","2023"
"723","2023-08-23","Wednesday","August","235","34","3","8","3","2023"
"724","2023-08-24","Thursday","August","236","34","4","8","3","2023"
"725","2023-08-25","Friday","August","237","34","5","8","3","2023"
"726","2023-08-26","Saturday","August","238","34","6","8","3","2023"
"727","2023-08-27","Sunday","August","239","34","7","8","3","2023"
"728","2023-08-28","Monday","August","240","35","1","8","3","2023"
"729","2023-08-29","Tuesday","August","241","35","2","8","3","2023"
"730","2023-08-30","Wednesday","August","242","35","3","8","3","2023"
"731","2023-08-31","Thursday","August","243","35","4","8","3","2023"
"801","2023-09-01","Friday","September","244","35","5","9","3","2023"
"802","2023-09-02","Saturday","September","245","35","6","9","3","2023"
"803","2023-09-03","Sunday","September","246","35","7","9","3","2023"
"804","2023-09-04","Monday","September","247","36","1","9","3","2023"
"805","2023-09-05","Tuesday","September","248","36","2","9","3","2023"
"806","2023-09-06","Wednesday","September","249","36","3","9","3","2023"
"807","2023-09-07","Thursday","September","250","36","4","9","3","2023"
"808","2023-09-08","Friday","September","251","36","5","9","3","2023"
"809","2023-09-09","Saturday","September","252","36","6","9","3","2023"
"810","2023-09-10","Sunday","September","253","36","7","9","3","2023"
"811","2023-09-11","Monday","September","254","37","1","9","3","2023"
"812","2023-09-12","Tuesday","September","255","37","2","9","3","2023"
"813","2023-09-13","Wednesday","September","256","37","3","9","3","2023"
"814","2023-09-14","Thursday","September","257","37","4","9","3","2023"
"815","2023-09-15","Friday","September","258","37","5","9","3","2023"
"816","2023-09-16","Saturday","September","259","37","6","9","3","2023"
"817","2023-09-17","Sunday","September","260","37","7","9","3","2023"
"818","2023-09-18","Monday","September","261","38","1","9","3","2023"
"819","2023-09-19","Tuesday","September","262","38","2","9","3","2023"
"820","2023-09-20","Wednesday","September","263","38","3","9","3","2023"
"821","2023-09-21","Thursday","September","264","38","4","9","3","2023"
"822","2023-09-22","Friday","September","265","38","5","9","3","2023"
"823","2023-09-23","Saturday","September","266","38","6","9","3","2023"
"824","2023-09-24","Sunday","September","267","38","7","9","3","2023"
"825","2023-09-25","Monday","September","268","39","1","9","3","2023"
"826","2023-09-26","Tuesday","September","269","39","2","9","3","2023"
"827","2023-09-27","Wednesday","September","270","39","3","9","3","2023"
"828","2023-09-28","Thursday","September","271","39","4","9","3","2023"
"829","2023-09-29","Friday","September","272","39","5","9","3","2023"
"830","2023-09-30","Saturday","September","273","39","6","9","3","2023"
"901","2023-10-01","Sunday","October","274","39","7","10","4","2023"
"902","2023-10-02","Monday","October","275","40","1","10","4","2023"
"903","2023-10-03","Tuesday","October","276","40","2","10","4","2023"
"904","2023-10-04","Wednesday","October","277","40","3","10","4","2023"
"905","2023-10-05","Thursday","October","278","40","4","10","4","2023"
"906","2023-10-06","Friday","October","279","40","5","10","4","2023"
"907","2023-10-07","Saturday","October","280","40","6","10","4","2023"
"908","2023-10-08","Sunday","October","281","40","7","10","4","2023"
"909","2023-10-09","Monday","October","282","41","1","10","4","2023"
"910","2023-10-10","Tuesday","October","283","41","2","10","4","2023"
"911","2023-10-11","Wednesday","October","284","41","3","10","4","2023"
"912","2023-10-12","Thursday","October","285","41","4","10","4","2023"
"913","2023-10-13","Friday","October","286","41","5","10","4","2023"
"914","2023-10-14","Saturday","October","287","41","6","10","4","2023"
"915","2023-10-15","Sunday","October","288","41","7","10","4","2023"
"916","2023-10-16","Monday","October","289","42","1","10","4","2023"
"917","2023-10-17","Tuesday","October","290","42","2","10","4","2023"
"918","2023-10-18","Wednesday","October","291","42","3","10","4","2023"
"919","2023-10-19","Thursday","October","292","42","4","10","4","2023"
"920","2023-10-20","Friday","October","293","42","5","10","4","2023"
"921","2023-10-21","Saturday","October","294","42","6","10","4","2023"
"922","2023-10-22","Sunday","October","295","42","7","10","4","2023"
"923","2023-10-23","Monday","October","296","43","1","10","4","2023"
"924","2023-10-24","Tuesday","October","297","43","2","10","4","2023"
"925","2023-10-25","Wednesday","October","298","43","3","10","4","2023"
"926","2023-10-26","Thursday","October","299","43","4","10","4","2023"
"927","2023-10-27","Friday","October","300","43","5","10","4","2023"
"928","2023-10-28","Saturday","October","301","43","6","10","4","2023"
"929","2023-10-29","Sunday","October","302","43","7","10","4","2023"
"930","2023-10-30","Monday","October","303","44","1","10","4","2023"
"931","2023-10-31","Tuesday","October","304","44","2","10","4","2023"
"1001","2023-11-01","Wednesday","November","305","44","3","11","4","2023"
"1002","2023-11-02","Thursday","November","306","44","4","11","4","2023"
"1003","2023-11-03","Friday","November","307","44","5","11","4","2023"
"1004","2023-11-04","Saturday","November","308","44","6","11","4","2023"
"1005","2023-11-05","Sunday","November","309","44","7","11","4","2023"
"1006","2023-11-06","Monday","November","310","45","1","11","4","2023"
"1007","2023-11-07","Tuesday","November","311","45","2","11","4","2023"
"1008","2023-11-08","Wednesday","November","312","45","3","11","4","2023"
"1009","2023-11-09","Thursday","November","313","45","4","11","4","2023"
"1010","2023-11-10","Friday","November","314","45","5","11","4","2023"
"1011","2023-11-11","Saturday","November","315","45","6","11","4","2023"
"1012","2023-11-12","Sunday","November","316","45","7","11","4","2023"
"1013","2023-11-13","Monday","November","317","46","1","11","4","2023"
"1014","2023-11-14","Tuesday","November","318","46","2","11","4","2023"
"1015","2023-11-15","Wednesday","November","319","46","3","11","4","2023"
"1016","2023-11-16","Thursday","November","320","46","4","11","4","2023"
"1017","2023-11-17","Friday","November","321","46","5","11","4","2023"
"1018","2023-11-18","Saturday","November","322","46","6","11","4","2023"
"1019","2023-11-19","Sunday","November","323","46","7","11","4","2023"
"1020","2023-11-20","Monday","November","324","47","1","11","4","2023"
"1021","2023-11-21","Tuesday","November","325","47","2","11","4","2023"
"1022","2023-11-22","Wednesday","November","326","47","3","11","4","2023"
"1023","2023-11-23","Thursday","November","327","47","4","11","4","2023"
"1024","2023-11-24","Friday","November","328","47","5","11","4","2023"
"1025","2023-11-25","Saturday","November","329","47","6","11","4","2023"
"1026","2023-11-26","Sunday","November","330","47","7","11","4","2023"
"1027","2023-11-27","Monday","November","331","48","1","11","4","2023"
"1028","2023-11-28","Tuesday","November","332","48","2","11","4","2023"
"1029","2023-11-29","Wednesday","November","333","48","3","11","4","2023"
"1030","2023-11-30","Thursday","November","334","48","4","11","4","2023"
"1101","2023-12-01","Friday","December","335","48","5","12","4","2023"
"1102","2023-12-02","Saturday","December","336","48","6","12","4","2023"
"1103","2023-12-03","Sunday","December","337","48","7","12","4","2023"
"1104","2023-12-04","Monday","December","338","49","1","12","4","2023"
"1105","2023-12-05","Tuesday","December","339","49","2","12","4","2023"
"1106","2023-12-06","Wednesday","December","340","49","3","12","4","2023"
"1107","2023-12-07","Thursday","December","341","49","4","12","4","2023"
"1108","2023-12-08","Friday","December","342","49","5","12","4","2023"
"1109","2023-12-09","Saturday","December","343","49","6","12","4","2023"
"1110","2023-12-10","Sunday","December","344","49","7","12","4","2023"
"1111","2023-12-11","Monday","December","345","50","1","12","4","2023"
"1112","2023-12-12","Tuesday","December","346","50","2","12","4","2023"
"1113","2023-12-13","Wednesday","December","347","50","3","12","4","2023"
"1114","2023-12-14","Thursday","December","348","50","4","12","4","2023"
"1115","2023-12-15","Friday","December","349","50","5","12","4","2023"
"1116","2023-12-16","Saturday","December","350","50","6","12","4","2023"
"1117","2023-12-17","Sunday","December","351","50","7","12","4","2023"
"1118","2023-12-18","Monday","December","352","51","1","12","4","2023"
"1119","2023-12-19","Tuesday","December","353","51","2","12","4","2023"
"1120","2023-12-20","Wednesday","December","354","51","3","12","4","2023"
"1121","2023-12-21","Thursday","December","355","51","4","12","4","2023"
"1122","2023-12-22","Friday","December","356","51","5","12","4","2023"
"1123","2023-12-23","Saturday","December","357","51","6","12","4","2023"
"1124","2023-12-24","Sunday","December","358","51","7","12","4","2023"
"1125","2023-12-25","Monday","December","359","52","1","12","4","2023"
"1126","2023-12-26","Tuesday","December","360","52","2","12","4","2023"
"1127","2023-12-27","Wednesday","December","361","52","3","12","4","2023"
"1128","2023-12-28","Thursday","December","362","52","4","12","4","2023"
"1129","2023-12-29","Friday","December","363","52","5","12","4","2023"
"1130","2023-12-30","Saturday","December","364","52","6","12","4","2023"
"1131","2023-12-31","Sunday","December","365","52","7","12","4","2023"
"10001","2024-01-01","Monday","January","1","1","1","1","1","2024"
"10002","2024-01-02","Tuesday","January","2","1","2","1","1","2024"
"10003","2024-01-03","Wednesday","January","3","1","3","1","1","2024"
"10004","2024-01-04","Thursday","January","4","1","4","1","1","2024"
"10005","2024-01-05","Friday","January","5","1","5","1","1","2024"
"10006","2024-01-06","Saturday","January","6","1","6","1","1","2024"
"10007","2024-01-07","Sunday","January","7","1","7","1","1","2024"
"10008","2024-01-08","Monday","January","8","2","1","1","1","2024"
"10009","2024-01-09","Tuesday","January","9","2","2","1","1","2024"
"10010","2024-01-10","Wednesday","January","10","2","3","1","1","2024"
"10011","2024-01-11","Thursday","January","11","2","4","1","1","2024"
"10012","2024-01-12","Friday","January","12","2","5","1","1","2024"
"10013","2024-01-13","Saturday","January","13","2","6","1","1","2024"
"10014","2024-01-14","Sunday","January","14","2","7","1","1","2024"
"10015","2024-01-15","Monday","January","15","3","1","1","1","2024"
"10016","2024-01-16","Tuesday","January","16","3","2","1","1","2024"
"10017","2024-01-17","Wednesday","January","17","3","3","1","1","2024"
"10018","2024-01-18","Thursday","January","18","3","4","1","1","2024"
"10019","2024-01-19","Friday","January","19","3","5","1","1","2024"
"10020","2024-01-20","Saturday","January","20","3","6","1","1","2024"
"10021","2024-01-21","Sunday","January","21","3","7","1","1","2024"
"10022","2024-01-22","Monday","January","22","4","1","1","1","2024"
"10023","2024-01-23","Tuesday","January","23","4","2","1","1","2024"
"10024","2024-01-24","Wednesday","January","24","4","3","1","1","2024"
"10025","2024-01-25","Thursday","January","25","4","4","1","1","2024"
"10026","2024-01-26","Friday","January","26","4","5","1","1","2024"
"10027","2024-01-27","Saturday","January","27","4","6","1","1","2024"
"10028","2024-01-28","Sunday","January","28","4","7","1","1","2024"
"10029","2024-01-29","Monday","January","29","5","1","1","1","2024"
"10030","2024-01-30","Tuesday","January","30","5","2","1","1","2024"
"10031","2024-01-31","Wednesday","January","31","5","3","1","1","2024"
"10101","2024-02-01","Thursday","February","32","5","4","2","1","2024"
"10102","2024-02-02","Friday","February","33","5","5","2","1","2024"
"10103","2024-02-03","Saturday","February","34","5","6","2","1","2024"
"10104","2024-02-04","Sunday","February","35","5","7","2","1","2024"
"10105","2024-02-05","Monday","February","36","6","1","2","1","2024"
"10106","2024-02-06","Tuesday","February","37","6","2","2","1","2024"
"10107","2024-02-07","Wednesday","February","38","6","3","2","1","2024"
"10108","2024-02-08","Thursday","February","39","6","4","2","1","2024"
"10109","2024-02-09","Friday","February","40","6","5","2","1","2024"
"10110","2024-02-10","Saturday","February","41","6","6","2","1","2024"
"10111","2024-02-11","Sunday","February","42","6","7","2","1","2024"
"10112","2024-02-12","Monday","February","43","7","1","2","1","2024"
"10113","2024-02-13","Tuesday","February","44","7","2","2","1","2024"
"10114","2024-02-14","Wednesday","February","45","7","3","2","1","2024"
"10115","2024-02-15","Thursday","February","46","7","4","2","1","2024"
"10116","2024-02-16","Friday","February","47","7","5","2","1","2024"
"10117","2024-02-17","Saturday","February","48","7","6","2","1","2024"
"10118","2024-02-18","Sunday","February","49","7","7","2","1","2024"
"10119","2024-02-19","Monday","February","50","8","1","2","1","2024"
"10120","2024-02-20","Tuesday","February","51","8","2","2","1","2024"
"10121","2024-02-21","Wednesday","February","52","8","3","2","1","2024"
"10122","2024-02-22","Thursday","February","53","8","4","2","1","2024"
"10123","2024-02-23","Friday","February","54","8","5","2","1","2024"
"10124","2024-02-24","Saturday","February","55","8","6","2","1","2024"
"10125","2024-02-25","Sunday","February","56","8","7","2","1","2024"
"10126","2024-02-26","Monday","February","57","9","1","2","1","2024"
"10127","2024-02-27","Tuesday","February","58","9","2","2","1","2024"
"10128","2024-02-28","Wednesday","February","59","9","3","2","1","2024"
"10129","2024-02-29","Thursday","February","60","9","4","2","1","2024"
"10201","2024-03-01","Friday","March","61","9","5","3","1","2024"
"10202","2024-03-02","Saturday","March","62","9","6","3","1","2024"
"10203","2024-03-03","Sunday","March","63","9","7","3","1","2024"
"10204","2024-03-04","Monday","March","64","10","1","3","1","2024"
"10205","2024-03-05","Tuesday","March","65","10","2","3","1","2024"
"10206","2024-03-06","Wednesday","March","66","10","3","3","1","2024"
"10207","2024-03-07","Thursday","March","67","10","4","3","1","2024"
"10208","2024-03-08","Friday","March","68","10","5","3","1","2024"
"10209","2024-03-09","Saturday","March","69","10","6","3","1","2024"
"10210","2024-03-10","Sunday","March","70","10","7","3","1","2024"
"10211","2024-03-11","Monday","March","71","11","1","3","1","2024"
"10212","2024-03-12","Tuesday","March","72","11","2","3","1","2024"
"10213","2024-03-13","Wednesday","March","73","11","3","3","1","2024"
"10214","2024-03-14","Thursday","March","74","11","4","3","1","2024"
"10215","2024-03-15","Friday","March","75","11","5","3","1","2024"
"10216","2024-03-16","Saturday","March","76","11","6","3","1","2024"
"10217","2024-03-17","Sunday","March","77","11","7","3","1","2024"
"10218","2024-03-18","Monday","March","78","12","1","3","1","2024"
"10219","2024-03-19","Tuesday","March","79","12","2","3","1","2024"
"10220","2024-03-20","Wednesday","March","80","12","3","3","1","2024"
"10221","2024-03-21","Thursday","March","81","12","4","3","1","2024"
"10222","2024-03-22","Friday","March","82","12","5","3","1","2024"
"10223","2024-03-23","Saturday","March","83","12","6","3","1","2024"
"10224","2024-03-24","Sunday","March","84","12","7","3","1","2024"
"10225","2024-03-25","Monday","March","85","13","1","3","1","2024"
"10226","2024-03-26","Tuesday","March","86","13","2","3","1","2024"
"10227","2024-03-27","Wednesday","March","87","13","3","3","1","2024"
"10228","2024-03-28","Thursday","March","88","13","4","3","1","2024"
"10229","2024-03-29","Friday","March","89","13","5","3","1","2024"
"10230","2024-03-30","Saturday","March","90","13","6","3","1","2024"
"10231","2024-03-31","Sunday","March","91","13","7","3","1","2024"
"10301","2024-04-01","Monday","April","92","14","1","4","2","2024"
"10302","2024-04-02","Tuesday","April","93","14","2","4","2","2024"
"10303","2024-04-03","Wednesday","April","94","14","3","4","2","2024"
"10304","2024-04-04","Thursday","April","95","14","4","4","2","2024"
"10305","2024-04-05","Friday","April","96","14","5","4","2","2024"
"10306","2024-04-06","Saturday","April","97","14","6","4","2","2024"
"10307","2024-04-07","Sunday","April","98","14","7","4","2","2024"
"10308","2024-04-08","Monday","April","99","15","1","4","2","2024"
"10309","2024-04-09","Tuesday","April","100","15","2","4","2","2024"
"10310","2024-04-10","Wednesday","April","101","15","3","4","2","2024"
"10311","2024-04-11","Thursday","April","102","15","4","4","2","2024"
"10312","2024-04-12","Friday","April","103","15","5","4","2","2024"
"10313","2024-04-13","Saturday","April","104","15","6","4","2","2024"
"10314","2024-04-14","Sunday","April","105","15","7","4","2","2024"
"10315","2024-04-15","Monday","April","106","16","1","4","2","2024"
"10316","2024-04-16","Tuesday","April","107","16","2","4","2","2024"
"10317","2024-04-17","Wednesday","April","108","16","3","4","2","2024"
"10318","2024-04-18","Thursday","April","109","16","4","4","2","2024"
"10319","2024-04-19","Friday","April","110","16","5","4","2","2024"
"10320","2024-04-20","Saturday","April","111","16","6","4","2","2024"
"10321","2024-04-21","Sunday","April","112","16","7","4","2","2024"
"10322","2024-04-22","Monday","April","113","17","1","4","2","2024"
"10323","2024-04-23","Tuesday","April","114","17","2","4","2","2024"
"10324","2024-04-24","Wednesday","April","115","17","3","4","2","2024"
"10325","2024-04-25","Thursday","April","116","17","4","4","2","2024"
"10326","2024-04-26","Friday","April","117","17","5","4","2","2024"
"10327","2024-04-27","Saturday","April","118","17","6","4","2","2024"
"10328","2024-04-28","Sunday","April","119","17","7","4","2","2024"
"10329","2024-04-29","Monday","April","120","18","1","4","2","2024"
"10330","2024-04-30","Tuesday","April","121","18","2","4","2","2024"
"10401","2024-05-01","Wednesday","May","122","18","3","5","2","2024"
"10402","2024-05-02","Thursday","May","123","18","4","5","2","2024"
"10403","2024-05-03","Friday","May","124","18","5","5","2","2024"
"10404","2024-05-04","Saturday","May","125","18","6","5","2","2024"
"10405","2024-05-05","Sunday","May","126","18","7","5","2","2024"
"10406","2024-05-06","Monday","May","127","19","1","5","2","2024"
"10407","2024-05-07","Tuesday","May","128","19","2","5","2","2024"
"10408","2024-05-08","Wednesday","May","129","19","3","5","2","2024"
"10409","2024-05-09","Thursday","May","130","19","4","5","2","2024"
"10410","2024-05-10","Friday","May","131","19","5","5","2","2024"
"10411","2024-05-11","Saturday","May","132","19","6","5","2","2024"
"10412","2024-05-12","Sunday","May","133","19","7","5","2","2024"
"10413","2024-05-13","Monday","May","134","20","1","5","2","2024"
"10414","2024-05-14","Tuesday","May","135","20","2","5","2","2024"
"10415","2024-05-15","Wednesday","May","136","20","3","5","2","2024"
"10416","2024-05-16","Thursday","May","137","20","4","5","2","2024"
"10417","2024-05-17","Friday","May","138","20","5","5","2","2024"
"10418","2024-05-18","Saturday","May","139","20","6","5","2","2024"
"10419","2024-05-19","Sunday","May","140","20","7","5","2","2024"
"10420","2024-05-20","Monday","May","141","21","1","5","2","2024"
"10421","2024-05-21","Tuesday","May","142","21","2","5","2","2024"
"10422","2024-05-22","Wednesday","May","143","21","3","5","2","2024"
"10423","2024-05-23","Thursday","May","144","21","4","5","2","2024"
"10424","2024-05-24","Friday","May","145","21","5","5","2","2024"
"10425","2024-05-25","Saturday","May","146","21","6","5","2","2024"
"10426","2024-05-26","Sunday","May","147","21","7","5","2","2024"
"10427","2024-05-27","Monday","May","148","22","1","5","2","2024"
"10428","2024-05-28","Tuesday","May","149","22","2","5","2","2024"
"10429","2024-05-29","Wednesday","May","150","22","3","5","2","2024"
"10430","2024-05-30","Thursday","May","151","22","4","5","2","2024"
"10431","2024-05-31","Friday","May","152","22","5","5","2","2024"
"10501","2024-06-01","Saturday","June","153","22","6","6","2","2024"
"10502","2024-06-02","Sunday","June","154","22","7","6","2","2024"
"10503","2024-06-03","Monday","June","155","23","1","6","2","2024"
"10504","2024-06-04","Tuesday","June","156","23","2","6","2","2024"
"10505","2024-06-05","Wednesday","June","157","23","3","6","2","2024"
"10506","2024-06-06","Thursday","June","158","23","4","6","2","2024"
"10507","2024-06-07","Friday","June","159","23","5","6","2","2024"
"10508","2024-06-08","Saturday","June","160","23","6","6","2","2024"
"10509","2024-06-09","Sunday","June","161","23","7","6","2","2024"
"10510","2024-06-10","Monday","June","162","24","1","6","2","2024"
"10511","2024-06-11","Tuesday","June","163","24","2","6","2","2024"
"10512","2024-06-12","Wednesday","June","164","24","3","6","2","2024"
"10513","2024-06-13","Thursday","June","165","24","4","6","2","2024"
"10514","2024-06-14","Friday","June","166","24","5","6","2","2024"
"10515","2024-06-15","Saturday","June","167","24","6","6","2","2024"
"10516","2024-06-16","Sunday","June","168","24","7","6","2","2024"
"10517","2024-06-17","Monday","June","169","25","1","6","2","2024"
"10518","2024-06-18","Tuesday","June","170","25","2","6","2","2024"
"10519","2024-06-19","Wednesday","June","171","25","3","6","2","2024"
"10520","2024-06-20","Thursday","June","172","25","4","6","2","2024"
"10521","2024-06-21","Friday","June","173","25","5","6","2","2024"
"10522","2024-06-22","Saturday","June","174","25","6","6","2","2024"
"10523","2024-06-23","Sunday","June","175","25","7","6","2","2024"
"10524","2024-06-24","Monday","June","176","26","1","6","2","2024"
"10525","2024-06-25","Tuesday","June","177","26","2","6","2","2024"
"10526","2024-06-26","Wednesday","June","178","26","3","6","2","2024"
"10527","2024-06-27","Thursday","June","179","26","4","6","2","2024"
"10528","2024-06-28","Friday","June","180","26","5","6","2","2024"
"10529","2024-06-29","Saturday","June","181","26","6","6","2","2024"
"10530","2024-06-30","Sunday","June","182","26","7","6","2","2024"
"10601","2024-07-01","Monday","July","183","27","1","7","3","2024"
"10602","2024-07-02","Tuesday","July","184","27","2","7","3","2024"
"10603","2024-07-03","Wednesday","July","185","27","3","7","3","2024"
"10604","2024-07-04","Thursday","July","186","27","4","7","3","2024"
"10605","2024-07-05","Friday","July","187","27","5","7","3","2024"
"10606","2024-07-06","Saturday","July","188","27","6","7","3","2024"
"10607","2024-07-07","Sunday","July","189","27","7","7","3","2024"
"10608","2024-07-08","Monday","July","190","28","1","7","3","2024"
"10609","2024-07-09","Tuesday","July","191","28","2","7","3","2024"
"10610","2024-07-10","Wednesday","July","192","28","3","7","3","2024"
"10611","2024-07-11","Thursday","July","193","28","4","7","3","2024"
"10612","2024-07-12","Friday","July","194","28","5","7","3","2024"
"10613","2024-07-13","Saturday","July","195","28","6","7","3","2024"
"10614","2024-07-14","Sunday","July","196","28","7","7","3","2024"
"10615","2024-07-15","Monday","July","197","29","1","7","3","2024"
"10616","2024-07-16","Tuesday","July","198","29","2","7","3","2024"
"10617","2024-07-17","Wednesday","July","199","29","3","7","3","2024"
"10618","2024-07-18","Thursday","July","200","29","4","7","3","2024"
"10619","2024-07-19","Friday","July","201","29","5","7","3","2024"
"10620","2024-07-20","Saturday","July","202","29","6","7","3","2024"
"10621","2024-07-21","Sunday","July","203","29","7","7","3","2024"
"10622","2024-07-22","Monday","July","204","30","1","7","3","2024"
"10623","2024-07-23","Tuesday","July","205","30","2","7","3","2024"
"10624","2024-07-24","Wednesday","July","206","30","3","7","3","2024"
"10625","2024-07-25","Thursday","July","207","30","4","7","3","2024"
"10626","2024-07-26","Friday","July","208","30","5","7","3","2024"
"10627","2024-07-27","Saturday","July","209","30","6","7","3","2024"
"10628","2024-07-28","Sunday","July","210","30","7","7","3","2024"
"10629","2024-07-29","Monday","July","211","31","1","7","3","2024"
"10630","2024-07-30","Tuesday","July","212","31","2","7","3","2024"
"10631","2024-07-31","Wednesday","July","213","31","3","7","3","2024"
"10701","2024-08-01","Thursday","August","214","31","4","8","3","2024"
"10702","2024-08-02","Friday","August","215","31","5","8","3","2024"
"10703","2024-08-03","Saturday","August","216","31","6","8","3","2024"
"10704","2024-08-04","Sunday","August","217","31","7","8","3","2024"
"10705","2024-08-05","Monday","August","218","32","1","8","3","2024"
"10706","2024-08-06","Tuesday","August","219","32","2","8","3","2024"
"10707","2024-08-07","Wednesday","August","220","32","3","8","3","2024"
"10708","2024-08-08","Thursday","August","221","32","4","8","3","2024"
"10709","2024-08-09","Friday","August","222","32","5","8","3","2024"
"10710","2024-08-10","Saturday","August","223","32","6","8","3","2024"
"10711","2024-08-11","Sunday","August","224","32","7","8","3","2024"
"10712","2024-08-12","Monday","August","225","33","1","8","3","2024"
"10713","2024-08-13","Tuesday","August","226","33","2","8","3","2024"
"10714","2024-08-14","Wednesday","August","227","33","3","8","3","2024"
"10715","2024-08-15","Thursday","August","228","33","4","8","3","2024"
"10716","2024-08-16","Friday","August","229","33","5","8","3","2024"
"10717","2024-08-17","Saturday","August","230","33","6","8","3","2024"
"10718","2024-08-18","Sunday","August","231","33","7","8","3","2024"
"10719","2024-08-19","Monday","August","232","34","1","8","3","2024"
"10720","2024-08-20","Tuesday","August","233","34","2","8","3","2024"
"10721","2024-08-21","Wednesday","August","234","34","3","8","3","2024"
"10722","2024-08-22","Thursday","August","235","34","4","8","3","2024"
"10723","2024-08-23","Friday","August","236","34","5","8","3","2024"
"10724","2024-08-24","Saturday","August","237","34","6","8","3","2024"
"10725","2024-08-25","Sunday","August","238","34","7","8","3","2024"
"10726","2024-08-26","Monday","August","239","35","1","8","3","2024"
"10727","2024-08-27","Tuesday","August","240","35","2","8","3","2024"
"10728","2024-08-28","Wednesday","August","241","35","3","8","3","2024"
"10729","2024-08-29","Thursday","August","242","35","4","8","3","2024"
"10730","2024-08-30","Friday","August","243","35","5","8","3","2024"
"10731","2024-08-31","Saturday","August","244","35","6","8","3","2024"
"10801","2024-09-01","Sunday","September","245","35","7","9","3","2024"
"10802","2024-09-02","Monday","September","246","36","1","9","3","2024"
"10803","2024-09-03","Tuesday","September","247","36","2","9","3","2024"
"10804","2024-09-04","Wednesday","September","248","36","3","9","3","2024"
"10805","2024-09-05","Thursday","September","249","36","4","9","3","2024"
"10806","2024-09-06","Friday","September","250","36","5","9","3","2024"
"10807","2024-09-07","Saturday","September","251","36","6","9","3","2024"
"10808","2024-09-08","Sunday","September","252","36","7","9","3","2024"
"10809","2024-09-09","Monday","September","253","37","1","9","3","2024"
"10810","2024-09-10","Tuesday","September","254","37","2","9","3","2024"
"10811","2024-09-11","Wednesday","September","255","37","3","9","3","2024"
"10812","2024-09-12","Thursday","September","256","37","4","9","3","2024"
"10813","2024-09-13","Friday","September","257","37","5","9","3","2024"
"10814","2024-09-14","Saturday","September","258","37","6","9","3","2024"
"10815","2024-09-15","Sunday","September","259","37","7","9","3","2024"
"10816","2024-09-16","Monday","September","260","38","1","9","3","2024"
"10817","2024-09-17","Tuesday","September","261","38","2","9","3","2024"
"10818","2024-09-18","Wednesday","September","262","38","3","9","3","2024"
"10819","2024-09-19","Thursday","September","263","38","4","9","3","2024"
"10820","2024-09-20","Friday","September","264","38","5","9","3","2024"
"10821","2024-09-21","Saturday","September","265","38","6","9","3","2024"
"10822","2024-09-22","Sunday","September","266","38","7","9","3","2024"
"10823","2024-09-23","Monday","September","267","39","1","9","3","2024"
"10824","2024-09-24","Tuesday","September","268","39","2","9","3","2024"
"10825","2024-09-25","Wednesday","September","269","39","3","9","3","2024"
"10826","2024-09-26","Thursday","September","270","39","4","9","3","2024"
"10827","2024-09-27","Friday","September","271","39","5","9","3","2024"
"10828","2024-09-28","Saturday","September","272","39","6","9","3","2024"
"10829","2024-09-29","Sunday","September","273","39","7","9","3","2024"
"10830","2024-09-30","Monday","September","274","40","1","9","3","2024"
"10901","2024-10-01","Tuesday","October","275","40","2","10","4","2024"
"10902","2024-10-02","Wednesday","October","276","40","3","10","4","2024"
"10903","2024-10-03","Thursday","October","277","40","4","10","4","2024"
"10904","2024-10-04","Friday","October","278","40","5","10","4","2024"
"10905","2024-10-05","Saturday","October","279","40","6","10","4","2024"
"10906","2024-10-06","Sunday","October","280","40","7","10","4","2024"
"10907","2024-10-07","Monday","October","281","41","1","10","4","2024"
"10908","2024-10-08","Tuesday","October","282","41","2","10","4","2024"
"10909","2024-10-09","Wednesday","October","283","41","3","10","4","2024"
"10910","2024-10-10","Thursday","October","284","41","4","10","4","2024"
"10911","2024-10-11","Friday","October","285","41","5","10","4","2024"
"10912","2024-10-12","Saturday","October","286","41","6","10","4","2024"
"10913","2024-10-13","Sunday","October","287","41","7","10","4","2024"
"10914","2024-10-14","Monday","October","288","42","1","10","4","2024"
"10915","2024-10-15","Tuesday","October","289","42","2","10","4","2024"
"10916","2024-10-16","Wednesday","October","290","42","3","10","4","2024"
"10917","2024-10-17","Thursday","October","291","42","4","10","4","2024"
"10918","2024-10-18","Friday","October","292","42","5","10","4","2024"
"10919","2024-10-19","Saturday","October","293","42","6","10","4","2024"
"10920","2024-10-20","Sunday","October","294","42","7","10","4","2024"
"10921","2024-10-21","Monday","October","295","43","1","10","4","2024"
"10922","2024-10-22","Tuesday","October","296","43","2","10","4","2024"
"10923","2024-10-23","Wednesday","October","297","43","3","10","4","2024"
"10924","2024-10-24","Thursday","October","298","43","4","10","4","2024"
"10925","2024-10-25","Friday","October","299","43","5","10","4","2024"
"10926","2024-10-26","Saturday","October","300","43","6","10","4","2024"
"10927","2024-10-27","Sunday","October","301","43","7","10","4","2024"
"10928","2024-10-28","Monday","October","302","44","1","10","4","2024"
"10929","2024-10-29","Tuesday","October","303","44","2","10","4","2024"
"10930","2024-10-30","Wednesday","October","304","44","3","10","4","2024"
"10931","2024-10-31","Thursday","October","305","44","4","10","4","2024"
"11001","2024-11-01","Friday","November","306","44","5","11","4","2024"
"11002","2024-11-02","Saturday","November","307","44","6","11","4","2024"
"11003","2024-11-03","Sunday","November","308","44","7","11","4","2024"
"11004","2024-11-04","Monday","November","309","45","1","11","4","2024"
"11005","2024-11-05","Tuesday","November","310","45","2","11","4","2024"
"11006","2024-11-06","Wednesday","November","311","45","3","11","4","2024"
"11007","2024-11-07","Thursday","November","312","45","4","11","4","2024"
"11008","2024-11-08","Friday","November","313","45","5","11","4","2024"
"11009","2024-11-09","Saturday","November","314","45","6","11","4","2024"
"11010","2024-11-10","Sunday","November","315","45","7","11","4","2024"
"11011","2024-11-11","Monday","November","316","46","1","11","4","2024"
"11012","2024-11-12","Tuesday","November","317","46","2","11","4","2024"
"11013","2024-11-13","Wednesday","November","318","46","3","11","4","2024"
"11014","2024-11-14","Thursday","November","319","46","4","11","4","2024"
"11015","2024-11-15","Friday","November","320","46","5","11","4","2024"
"11016","2024-11-16","Saturday","November","321","46","6","11","4","2024"
"11017","2024-11-17","Sunday","November","322","46","7","11","4","2024"
"11018","2024-11-18","Monday","November","323","47","1","11","4","2024"
"11019","2024-11-19","Tuesday","November","324","47","2","11","4","2024"
"11020","2024-11-20","Wednesday","November","325","47","3","11","4","2024"
"11021","2024-11-21","Thursday","November","326","47","4","11","4","2024"
"11022","2024-11-22","Friday","November","327","47","5","11","4","2024"
"11023","2024-11-23","Saturday","November","328","47","6","11","4","2024"
"11024","2024-11-24","Sunday","November","329","47","7","11","4","2024"
"11025","2024-11-25","Monday","November","330","48","1","11","4","2024"
"11026","2024-11-26","Tuesday","November","331","48","2","11","4","2024"
"11027","2024-11-27","Wednesday","November","332","48","3","11","4","2024"
"11028","2024-11-28","Thursday","November","333","48","4","11","4","2024"
"11029","2024-11-29","Friday","November","334","48","5","11","4","2024"
"11030","2024-11-30","Saturday","November","335","48","6","11","4","2024"
"11101","2024-12-01","Sunday","December","336","48","7","12","4","2024"
"11102","2024-12-02","Monday","December","337","49","1","12","4","2024"
"11103","2024-12-03","Tuesday","December","338","49","2","12","4","2024"
"11104","2024-12-04","Wednesday","December","339","49","3","12","4","2024"
"11105","2024-12-05","Thursday","December","340","49","4","12","4","2024"
"11106","2024-12-06","Friday","December","341","49","5","12","4","2024"
"11107","2024-12-07","Saturday","December","342","49","6","12","4","2024"
"11108","2024-12-08","Sunday","December","343","49","7","12","4","2024"
"11109","2024-12-09","Monday","December","344","50","1","12","4","2024"
"11110","2024-12-10","Tuesday","December","345","50","2","12","4","2024"
"11111","2024-12-11","Wednesday","December","346","50","3","12","4","2024"
"11112","2024-12-12","Thursday","December","347","50","4","12","4","2024"
"11113","2024-12-13","Friday","December","348","50","5","12","4","2024"
"11114","2024-12-14","Saturday","December","349","50","6","12","4","2024"
"11115","2024-12-15","Sunday","December","350","50","7","12","4","2024"
"11116","2024-12-16","Monday","December","351","51","1","12","4","2024"
"11117","2024-12-17","Tuesday","December","352","51","2","12","4","2024"
"11118","2024-12-18","Wednesday","December","353","51","3","12","4","2024"
"11119","2024-12-19","Thursday","December","354","51","4","12","4","2024"
"11120","2024-12-20","Friday","December","355","51","5","12","4","2024"
"11121","2024-12-21","Saturday","December","356","51","6","12","4","2024"
"11122","2024-12-22","Sunday","December","357","51","7","12","4","2024"
"11123","2024-12-23","Monday","December","358","52","1","12","4","2024"
"11124","2024-12-24","Tuesday","December","359","52","2","12","4","2024"
"11125","2024-12-25","Wednesday","December","360","52","3","12","4","2024"
"11126","2024-12-26","Thursday","December","361","52","4","12","4","2024"
"11127","2024-12-27","Friday","December","362","52","5","12","4","2024"
"11128","2024-12-28","Saturday","December","363","52","6","12","4","2024"
"11129","2024-12-29","Sunday","December","364","52","7","12","4","2024"
"11130","2024-12-30","Monday","December","365","1","1","12","4","2024"
"11131","2024-12-31","Tuesday","December","366","1","2","12","4","2024"
"20001","2025-01-01","Wednesday","January","1","1","3","1","1","2025"
"20002","2025-01-02","Thursday","January","2","1","4","1","1","2025"
"20003","2025-01-03","Friday","January","3","1","5","1","1","2025"
"20004","2025-01-04","Saturday","January","4","1","6","1","1","2025"
"20005","2025-01-05","Sunday","January","5","1","7","1","1","2025"
"20006","2025-01-06","Monday","January","6","2","1","1","1","2025"
"20007","2025-01-07","Tuesday","January","7","2","2","1","1","2025"
"20008","2025-01-08","Wednesday","January","8","2","3","1","1","2025"
"20009","2025-01-09","Thursday","January","9","2","4","1","1","2025"
"20010","2025-01-10","Friday","January","10","2","5","1","1","2025"
"20011","2025-01-11","Saturday","January","11","2","6","1","1","2025"
"20012","2025-01-12","Sunday","January","12","2","7","1","1","2025"
"20013","2025-01-13","Monday","January","13","3","1","1","1","2025"
"20014","2025-01-14","Tuesday","January","14","3","2","1","1","2025"
"20015","2025-01-15","Wednesday","January","15","3","3","1","1","2025"
"20016","2025-01-16","Thursday","January","16","3","4","1","1","2025"
"20017","2025-01-17","Friday","January","17","3","5","1","1","2025"
"20018","2025-01-18","Saturday","January","18","3","6","1","1","2025"
"20019","2025-01-19","Sunday","January","19","3","7","1","1","2025"
"20020","2025-01-20","Monday","January","20","4","1","1","1","2025"
"20021","2025-01-21","Tuesday","January","21","4","2","1","1","2025"
"20022","2025-01-22","Wednesday","January","22","4","3","1","1","2025"
"20023","2025-01-23","Thursday","January","23","4","4","1","1","2025"
"20024","2025-01-24","Friday","January","24","4","5","1","1","2025"
"20025","2025-01-25","Saturday","January","25","4","6","1","1","2025"
"20026","2025-01-26","Sunday","January","26","4","7","1","1","2025"
"20027","2025-01-27","Monday","January","27","5","1","1","1","2025"
"20028","2025-01-28","Tuesday","January","28","5","2","1","1","2025"
"20029","2025-01-29","Wednesday","January","29","5","3","1","1","2025"
"20030","2025-01-30","Thursday","January","30","5","4","1","1","2025"
"20031","2025-01-31","Friday","January","31","5","5","1","1","2025"
"20101","2025-02-01","Saturday","February","32","5","6","2","1","2025"
"20102","2025-02-02","Sunday","February","33","5","7","2","1","2025"
"20103","2025-02-03","Monday","February","34","6","1","2","1","2025"
"20104","2025-02-04","Tuesday","February","35","6","2","2","1","2025"
"20105","2025-02-05","Wednesday","February","36","6","3","2","1","2025"
"20106","2025-02-06","Thursday","February","37","6","4","2","1","2025"
"20107","2025-02-07","Friday","February","38","6","5","2","1","2025"
"20108","2025-02-08","Saturday","February","39","6","6","2","1","2025"
"20109","2025-02-09","Sunday","February","40","6","7","2","1","2025"
"20110","2025-02-10","Monday","February","41","7","1","2","1","2025"
"20111","2025-02-11","Tuesday","February","42","7","2","2","1","2025"
"20112","2025-02-12","Wednesday","February","43","7","3","2","1","2025"
"20113","2025-02-13","Thursday","February","44","7","4","2","1","2025"
"20114","2025-02-14","Friday","February","45","7","5","2","1","2025"
"20115","2025-02-15","Saturday","February","46","7","6","2","1","2025"
"20116","2025-02-16","Sunday","February","47","7","7","2","1","2025"
"20117","2025-02-17","Monday","February","48","8","1","2","1","2025"
"20118","2025-02-18","Tuesday","February","49","8","2","2","1","2025"
"20119","2025-02-19","Wednesday","February","50","8","3","2","1","2025"
"20120","2025-02-20","Thursday","February","51","8","4","2","1","2025"
"20121","2025-02-21","Friday","February","52","8","5","2","1","2025"
"20122","2025-02-22","Saturday","February","53","8","6","2","1","2025"
"20123","2025-02-23","Sunday","February","54","8","7","2","1","2025"
"20124","2025-02-24","Monday","February","55","9","1","2","1","2025"
"20125","2025-02-25","Tuesday","February","56","9","2","2","1","2025"
"20126","2025-02-26","Wednesday","February","57","9","3","2","1","2025"
"20127","2025-02-27","Thursday","February","58","9","4","2","1","2025"
"20128","2025-02-28","Friday","February","59","9","5","2","1","2025"
"20201","2025-03-01","Saturday","March","60","9","6","3","1","2025"
"20202","2025-03-02","Sunday","March","61","9","7","3","1","2025"
"20203","2025-03-03","Monday","March","62","10","1","3","1","2025"
"20204","2025-03-04","Tuesday","March","63","10","2","3","1","2025"
"20205","2025-03-05","Wednesday","March","64","10","3","3","1","2025"
"20206","2025-03-06","Thursday","March","65","10","4","3","1","2025"
"20207","2025-03-07","Friday","March","66","10","5","3","1","2025"
"20208","2025-03-08","Saturday","March","67","10","6","3","1","2025"
"20209","2025-03-09","Sunday","March","68","10","7","3","1","2025"
"20210","2025-03-10","Monday","March","69","11","1","3","1","2025"
"20211","2025-03-11","Tuesday","March","70","11","2","3","1","2025"
"20212","2025-03-12","Wednesday","March","71","11","3","3","1","2025"
"20213","2025-03-13","Thursday","March","72","11","4","3","1","2025"
"20214","2025-03-14","Friday","March","73","11","5","3","1","2025"
"20215","2025-03-15","Saturday","March","74","11","6","3","1","2025"
"20216","2025-03-16","Sunday","March","75","11","7","3","1","2025"
"20217","2025-03-17","Monday","March","76","12","1","3","1","2025"
"20218","2025-03-18","Tuesday","March","77","12","2","3","1","2025"
"20219","2025-03-19","Wednesday","March","78","12","3","3","1","2025"
"20220","2025-03-20","Thursday","March","79","12","4","3","1","2025"
"20221","2025-03-21","Friday","March","80","12","5","3","1","2025"
"20222","2025-03-22","Saturday","March","81","12","6","3","1","2025"
"20223","2025-03-23","Sunday","March","82","12","7","3","1","2025"
"20224","2025-03-24","Monday","March","83","13","1","3","1","2025"
"20225","2025-03-25","Tuesday","March","84","13","2","3","1","2025"
"20226","2025-03-26","Wednesday","March","85","13","3","3","1","2025"
"20227","2025-03-27","Thursday","March","86","13","4","3","1","2025"
"20228","2025-03-28","Friday","March","87","13","5","3","1","2025"
"20229","2025-03-29","Saturday","March","88","13","6","3","1","2025"
"20230","2025-03-30","Sunday","March","89","13","7","3","1","2025"
"20231","2025-03-31","Monday","March","90","14","1","3","1","2025"
"20301","2025-04-01","Tuesday","April","91","14","2","4","2","2025"
"20302","2025-04-02","Wednesday","April","92","14","3","4","2","2025"
"20303","2025-04-03","Thursday","April","93","14","4","4","2","2025"
"20304","2025-04-04","Friday","April","94","14","5","4","2","2025"
"20305","2025-04-05","Saturday","April","95","14","6","4","2","2025"
"20306","2025-04-06","Sunday","April","96","14","7","4","2","2025"
"20307","2025-04-07","Monday","April","97","15","1","4","2","2025"
"20308","2025-04-08","Tuesday","April","98","15","2","4","2","2025"
"20309","2025-04-09","Wednesday","April","99","15","3","4","2","2025"
"20310","2025-04-10","Thursday","April","100","15","4","4","2","2025"
"20311","2025-04-11","Friday","April","101","15","5","4","2","2025"
"20312","2025-04-12","Saturday","April","102","15","6","4","2","2025"
"20313","2025-04-13","Sunday","April","103","15","7","4","2","2025"
"20314","2025-04-14","Monday","April","104","16","1","4","2","2025"
"20315","2025-04-15","Tuesday","April","105","16","2","4","2","2025"
"20316","2025-04-16","Wednesday","April","106","16","3","4","2","2025"
"20317","2025-04-17","Thursday","April","107","16","4","4","2","2025"
"20318","2025-04-18","Friday","April","108","16","5","4","2","2025"
"20319","2025-04-19","Saturday","April","109","16","6","4","2","2025"
"20320","2025-04-20","Sunday","April","110","16","7","4","2","2025"
"20321","2025-04-21","Monday","April","111","17","1","4","2","2025"
"20322","2025-04-22","Tuesday","April","112","17","2","4","2","2025"
"20323","2025-04-23","Wednesday","April","113","17","3","4","2","2025"
"20324","2025-04-24","Thursday","April","114","17","4","4","2","2025"
"20325","2025-04-25","Friday","April","115","17","5","4","2","2025"
"20326","2025-04-26","Saturday","April","116","17","6","4","2","2025"
"20327","2025-04-27","Sunday","April","117","17","7","4","2","2025"
"20328","2025-04-28","Monday","April","118","18","1","4","2","2025"
"20329","2025-04-29","Tuesday","April","119","18","2","4","2","2025"
"20330","2025-04-30","Wednesday","April","120","18","3","4","2","2025"
"20401","2025-05-01","Thursday","May","121","18","4","5","2","2025"
"20402","2025-05-02","Friday","May","122","18","5","5","2","2025"
"20403","2025-05-03","Saturday","May","123","18","6","5","2","2025"
"20404","2025-05-04","Sunday","May","124","18","7","5","2","2025"
"20405","2025-05-05","Monday","May","125","19","1","5","2","2025"
"20406","2025-05-06","Tuesday","May","126","19","2","5","2","2025"
"20407","2025-05-07","Wednesday","May","127","19","3","5","2","2025"
"20408","2025-05-08","Thursday","May","128","19","4","5","2","2025"
"20409","2025-05-09","Friday","May","129","19","5","5","2","2025"
"20410","2025-05-10","Saturday","May","130","19","6","5","2","2025"
"20411","2025-05-11","Sunday","May","131","19","7","5","2","2025"
"20412","2025-05-12","Monday","May","132","20","1","5","2","2025"
"20413","2025-05-13","Tuesday","May","133","20","2","5","2","2025"
"20414","2025-05-14","Wednesday","May","134","20","3","5","2","2025"
"20415","2025-05-15","Thursday","May","135","20","4","5","2","2025"
"20416","2025-05-16","Friday","May","136","20","5","5","2","2025"
"20417","2025-05-17","Saturday","May","137","20","6","5","2","2025"
"20418","2025-05-18","Sunday","May","138","20","7","5","2","2025"
"20419","2025-05-19","Monday","May","139","21","1","5","2","2025"
"20420","2025-05-20","Tuesday","May","140","21","2","5","2","2025"
"20421","2025-05-21","Wednesday","May","141","21","3","5","2","2025"
"20422","2025-05-22","Thursday","May","142","21","4","5","2","2025"
"20423","2025-05-23","Friday","May","143","21","5","5","2","2025"
"20424","2025-05-24","Saturday","May","144","21","6","5","2","2025"
"20425","2025-05-25","Sunday","May","145","21","7","5","2","2025"
"20426","2025-05-26","Monday","May","146","22","1","5","2","2025"
"20427","2025-05-27","Tuesday","May","147","22","2","5","2","2025"
"20428","2025-05-28","Wednesday","May","148","22","3","5","2","2025"
"20429","2025-05-29","Thursday","May","149","22","4","5","2","2025"
"20430","2025-05-30","Friday","May","150","22","5","5","2","2025"
"20431","2025-05-31","Saturday","May","151","22","6","5","2","2025"
"20501","2025-06-01","Sunday","June","152","22","7","6","2","2025"
"20502","2025-06-02","Monday","June","153","23","1","6","2","2025"
"20503","2025-06-03","Tuesday","June","154","23","2","6","2","2025"
"20504","2025-06-04","Wednesday","June","155","23","3","6","2","2025"
"20505","2025-06-05","Thursday","June","156","23","4","6","2","2025"
"20506","2025-06-06","Friday","June","157","23","5","6","2","2025"
"20507","2025-06-07","Saturday","June","158","23","6","6","2","2025"
"20508","2025-06-08","Sunday","June","159","23","7","6","2","2025"
"20509","2025-06-09","Monday","June","160","24","1","6","2","2025"
"20510","2025-06-10","Tuesday","June","161","24","2","6","2","2025"
"20511","2025-06-11","Wednesday","June","162","24","3","6","2","2025"
"20512","2025-06-12","Thursday","June","163","24","4","6","2","2025"
"20513","2025-06-13","Friday","June","164","24","5","6","2","2025"
"20514","2025-06-14","Saturday","June","165","24","6","6","2","2025"
"20515","2025-06-15","Sunday","June","166","24","7","6","2","2025"
"20516","2025-06-16","Monday","June","167","25","1","6","2","2025"
"20517","2025-06-17","Tuesday","June","168","25","2","6","2","2025"
"20518","2025-06-18","Wednesday","June","169","25","3","6","2","2025"
"20519","2025-06-19","Thursday","June","170","25","4","6","2","2025"
"20520","2025-06-20","Friday","June","171","25","5","6","2","2025"
"20521","2025-06-21","Saturday","June","172","25","6","6","2","2025"
"20522","2025-06-22","Sunday","June","173","25","7","6","2","2025"
"20523","2025-06-23","Monday","June","174","26","1","6","2","2025"
"20524","2025-06-24","Tuesday","June","175","26","2","6","2","2025"
"20525","2025-06-25","Wednesday","June","176","26","3","6","2","2025"
"20526","2025-06-26","Thursday","June","177","26","4","6","2","2025"
"20527","2025-06-27","Friday","June","178","26","5","6","2","2025"
"20528","2025-06-28","Saturday","June","179","26","6","6","2","2025"
"20529","2025-06-29","Sunday","June","180","26","7","6","2","2025"
"20530","2025-06-30","Monday","June","181","27","1","6","2","2025"
"20601","2025-07-01","Tuesday","July","182","27","2","7","3","2025"
"20602","2025-07-02","Wednesday","July","183","27","3","7","3","2025"
"20603","2025-07-03","Thursday","July","184","27","4","7","3","2025"
"20604","2025-07-04","Friday","July","185","27","5","7","3","2025"
"20605","2025-07-05","Saturday","July","186","27","6","7","3","2025"
"20606","2025-07-06","Sunday","July","187","27","7","7","3","2025"
"20607","2025-07-07","Monday","July","188","28","1","7","3","2025"
"20608","2025-07-08","Tuesday","July","189","28","2","7","3","2025"
"20609","2025-07-09","Wednesday","July","190","28","3","7","3","2025"
"20610","2025-07-10","Thursday","July","191","28","4","7","3","2025"
"20611","2025-07-11","Friday","July","192","28","5","7","3","2025"
"20612","2025-07-12","Saturday","July","193","28","6","7","3","2025"
"20613","2025-07-13","Sunday","July","194","28","7","7","3","2025"
"20614","2025-07-14","Monday","July","195","29","1","7","3","2025"
"20615","2025-07-15","Tuesday","July","196","29","2","7","3","2025"
"20616","2025-07-16","Wednesday","July","197","29","3","7","3","2025"
"20617","2025-07-17","Thursday","July","198","29","4","7","3","2025"
"20618","2025-07-18","Friday","July","199","29","5","7","3","2025"
"20619","2025-07-19","Saturday","July","200","29","6","7","3","2025"
"20620","2025-07-20","Sunday","July","201","29","7","7","3","2025"
"20621","2025-07-21","Monday","July","202","30","1","7","3","2025"
"20622","2025-07-22","Tuesday","July","203","30","2","7","3","2025"
"20623","2025-07-23","Wednesday","July","204","30","3","7","3","2025"
"20624","2025-07-24","Thursday","July","205","30","4","7","3","2025"
"20625","2025-07-25","Friday","July","206","30","5","7","3","2025"
"20626","2025-07-26","Saturday","July","207","30","6","7","3","2025"
"20627","2025-07-27","Sunday","July","208","30","7","7","3","2025"
"20628","2025-07-28","Monday","July","209","31","1","7","3","2025"
"20629","2025-07-29","Tuesday","July","210","31","2","7","3","2025"
"20630","2025-07-30","Wednesday","July","211","31","3","7","3","2025"
"20631","2025-07-31","Thursday","July","212","31","4","7","3","2025"
"20701","2025-08-01","Friday","August","213","31","5","8","3","2025"
"20702","2025-08-02","Saturday","August","214","31","6","8","3","2025"
"20703","2025-08-03","Sunday","August","215","31","7","8","3","2025"
"20704","2025-08-04","Monday","August","216","32","1","8","3","2025"
"20705","2025-08-05","Tuesday","August","217","32","2","8","3","2025"
"20706","2025-08-06","Wednesday","August","218","32","3","8","3","2025"
"20707","2025-08-07","Thursday","August","219","32","4","8","3","2025"
"20708","2025-08-08","Friday","August","220","32","5","8","3","2025"
"20709","2025-08-09","Saturday","August","221","32","6","8","3","2025"
"20710","2025-08-10","Sunday","August","222","32","7","8","3","2025"
"20711","2025-08-11","Monday","August","223","33","1","8","3","2025"
"20712","2025-08-12","Tuesday","August","224","33","2","8","3","2025"
"20713","2025-08-13","Wednesday","August","225","33","3","8","3","2025"
"20714","2025-08-14","Thursday","August","226","33","4","8","3","2025"
"20715","2025-08-15","Friday","August","227","33","5","8","3","2025"
"20716","2025-08-16","Saturday","August","228","33","6","8","3","2025"
"20717","2025-08-17","Sunday","August","229","33","7","8","3","2025"
"20718","2025-08-18","Monday","August","230","34","1","8","3","2025"
"20719","2025-08-19","Tuesday","August","231","34","2","8","3","2025"
"20720","2025-08-20","Wednesday","August","232","34","3","8","3","2025"
"20721","2025-08-21","Thursday","August","233","34","4","8","3","2025"
"20722","2025-08-22","Friday","August","234","34","5","8","3","2025"
"20723","2025-08-23","Saturday","August","235","34","6","8","3","2025"
"20724","2025-08-24","Sunday","August","236","34","7","8","3","2025"
"20725","2025-08-25","Monday","August","237","35","1","8","3","2025"
"20726","2025-08-26","Tuesday","August","238","35","2","8","3","2025"
"20727","2025-08-27","Wednesday","August","239","35","3","8","3","2025"
"20728","2025-08-28","Thursday","August","240","35","4","8","3","2025"
"20729","2025-08-29","Friday","August","241","35","5","8","3","2025"
"20730","2025-08-30","Saturday","August","242","35","6","8","3","2025"
"20731","2025-08-31","Sunday","August","243","35","7","8","3","2025"
"20801","2025-09-01","Monday","September","244","36","1","9","3","2025"
"20802","2025-09-02","Tuesday","September","245","36","2","9","3","2025"
"20803","2025-09-03","Wednesday","September","246","36","3","9","3","2025"
"20804","2025-09-04","Thursday","September","247","36","4","9","3","2025"
"20805","2025-09-05","Friday","September","248","36","5","9","3","2025"
"20806","2025-09-06","Saturday","September","249","36","6","9","3","2025"
"20807","2025-09-07","Sunday","September","250","36","7","9","3","2025"
"20808","2025-09-08","Monday","September","251","37","1","9","3","2025"
"20809","2025-09-09","Tuesday","September","252","37","2","9","3","2025"
"20810","2025-09-10","Wednesday","September","253","37","3","9","3","2025"
"20811","2025-09-11","Thursday","September","254","37","4","9","3","2025"
"20812","2025-09-12","Friday","September","255","37","5","9","3","2025"
"20813","2025-09-13","Saturday","September","256","37","6","9","3","2025"
"20814","2025-09-14","Sunday","September","257","37","7","9","3","2025"
"20815","2025-09-15","Monday","September","258","38","1","9","3","2025"
"20816","2025-09-16","Tuesday","September","259","38","2","9","3","2025"
"20817","2025-09-17","Wednesday","September","260","38","3","9","3","2025"
"20818","2025-09-18","Thursday","September","261","38","4","9","3","2025"
"20819","2025-09-19","Friday","September","262","38","5","9","3","2025"
"20820","2025-09-20","Saturday","September","263","38","6","9","3","2025"
"20821","2025-09-21","Sunday","September","264","38","7","9","3","2025"
"20822","2025-09-22","Monday","September","265","39","1","9","3","2025"
"20823","2025-09-23","Tuesday","September","266","39","2","9","3","2025"
"20824","2025-09-24","Wednesday","September","267","39","3","9","3","2025"
"20825","2025-09-25","Thursday","September","268","39","4","9","3","2025"
"20826","2025-09-26","Friday","September","269","39","5","9","3","2025"
"20827","2025-09-27","Saturday","September","270","39","6","9","3","2025"
"20828","2025-09-28","Sunday","September","271","39","7","9","3","2025"
"20829","2025-09-29","Monday","September","272","40","1","9","3","2025"
"20830","2025-09-30","Tuesday","September","273","40","2","9","3","2025"
"20901","2025-10-01","Wednesday","October","274","40","3","10","4","2025"
"20902","2025-10-02","Thursday","October","275","40","4","10","4","2025"
"20903","2025-10-03","Friday","October","276","40","5","10","4","2025"
"20904","2025-10-04","Saturday","October","277","40","6","10","4","2025"
"20905","2025-10-05","Sunday","October","278","40","7","10","4","2025"
"20906","2025-10-06","Monday","October","279","41","1","10","4","2025"
"20907","2025-10-07","Tuesday","October","280","41","2","10","4","2025"
"20908","2025-10-08","Wednesday","October","281","41","3","10","4","2025"
"20909","2025-10-09","Thursday","October","282","41","4","10","4","2025"
"20910","2025-10-10","Friday","October","283","41","5","10","4","2025"
"20911","2025-10-11","Saturday","October","284","41","6","10","4","2025"
"20912","2025-10-12","Sunday","October","285","41","7","10","4","2025"
"20913","2025-10-13","Monday","October","286","42","1","10","4","2025"
"20914","2025-10-14","Tuesday","October","287","42","2","10","4","2025"
"20915","2025-10-15","Wednesday","October","288","42","3","10","4","2025"
"20916","2025-10-16","Thursday","October","289","42","4","10","4","2025"
"20917","2025-10-17","Friday","October","290","42","5","10","4","2025"
"20918","2025-10-18","Saturday","October","291","42","6","10","4","2025"
"20919","2025-10-19","Sunday","October","292","42","7","10","4","2025"
"20920","2025-10-20","Monday","October","293","43","1","10","4","2025"
"20921","2025-10-21","Tuesday","October","294","43","2","10","4","2025"
"20922","2025-10-22","Wednesday","October","295","43","3","10","4","2025"
"20923","2025-10-23","Thursday","October","296","43","4","10","4","2025"
"20924","2025-10-24","Friday","October","297","43","5","10","4","2025"
"20925","2025-10-25","Saturday","October","298","43","6","10","4","2025"
"20926","2025-10-26","Sunday","October","299","43","7","10","4","2025"
"20927","2025-10-27","Monday","October","300","44","1","10","4","2025"
"20928","2025-10-28","Tuesday","October","301","44","2","10","4","2025"
"20929","2025-10-29","Wednesday","October","302","44","3","10","4","2025"
"20930","2025-10-30","Thursday","October","303","44","4","10","4","2025"
"20931","2025-10-31","Friday","October","304","44","5","10","4","2025"
"21001","2025-11-01","Saturday","November","305","44","6","11","4","2025"
"21002","2025-11-02","Sunday","November","306","44","7","11","4","2025"
"21003","2025-11-03","Monday","November","307","45","1","11","4","2025"
"21004","2025-11-04","Tuesday","November","308","45","2","11","4","2025"
"21005","2025-11-05","Wednesday","November","309","45","3","11","4","2025"
"21006","2025-11-06","Thursday","November","310","45","4","11","4","2025"
"21007","2025-11-07","Friday","November","311","45","5","11","4","2025"
"21008","2025-11-08","Saturday","November","312","45","6","11","4","2025"
"21009","2025-11-09","Sunday","November","313","45","7","11","4","2025"
"21010","2025-11-10","Monday","November","314","46","1","11","4","2025"
"21011","2025-11-11","Tuesday","November","315","46","2","11","4","2025"
"21012","2025-11-12","Wednesday","November","316","46","3","11","4","2025"
"21013","2025-11-13","Thursday","November","317","46","4","11","4","2025"
"21014","2025-11-14","Friday","November","318","46","5","11","4","2025"
"21015","2025-11-15","Saturday","November","319","46","6","11","4","2025"
"21016","2025-11-16","Sunday","November","320","46","7","11","4","2025"
"21017","2025-11-17","Monday","November","321","47","1","11","4","2025"
"21018","2025-11-18","Tuesday","November","322","47","2","11","4","2025"
"21019","2025-11-19","Wednesday","November","323","47","3","11","4","2025"
"21020","2025-11-20","Thursday","November","324","47","4","11","4","2025"
"21021","2025-11-21","Friday","November","325","47","5","11","4","2025"
"21022","2025-11-22","Saturday","November","326","47","6","11","4","2025"
"21023","2025-11-23","Sunday","November","327","47","7","11","4","2025"
"21024","2025-11-24","Monday","November","328","48","1","11","4","2025"
"21025","2025-11-25","Tuesday","November","329","48","2","11","4","2025"
"21026","2025-11-26","Wednesday","November","330","48","3","11","4","2025"
"21027","2025-11-27","Thursday","November","331","48","4","11","4","2025"
"21028","2025-11-28","Friday","November","332","48","5","11","4","2025"
"21029","2025-11-29","Saturday","November","333","48","6","11","4","2025"
"21030","2025-11-30","Sunday","November","334","48","7","11","4","2025"
"21101","2025-12-01","Monday","December","335","49","1","12","4","2025"
"21102","2025-12-02","Tuesday","December","336","49","2","12","4","2025"
"21103","2025-12-03","Wednesday","December","337","49","3","12","4","2025"
"21104","2025-12-04","Thursday","December","338","49","4","12","4","2025"
"21105","2025-12-05","Friday","December","339","49","5","12","4","2025"
"21106","2025-12-06","Saturday","December","340","49","6","12","4","2025"
"21107","2025-12-07","Sunday","December","341","49","7","12","4","2025"
"21108","2025-12-08","Monday","December","342","50","1","12","4","2025"
"21109","2025-12-09","Tuesday","December","343","50","2","12","4","2025"
"21110","2025-12-10","Wednesday","December","344","50","3","12","4","2025"
"21111","2025-12-11","Thursday","December","345","50","4","12","4","2025"
"21112","2025-12-12","Friday","December","346","50","5","12","4","2025"
"21113","2025-12-13","Saturday","December","347","50","6","12","4","2025"
"21114","2025-12-14","Sunday","December","348","50","7","12","4","2025"
"21115","2025-12-15","Monday","December","349","51","1","12","4","2025"
"21116","2025-12-16","Tuesday","December","350","51","2","12","4","2025"
"21117","2025-12-17","Wednesday","December","351","51","3","12","4","2025"
"21118","2025-12-18","Thursday","December","352","51","4","12","4","2025"
"21119","2025-12-19","Friday","December","353","51","5","12","4","2025"
"21120","2025-12-20","Saturday","December","354","51","6","12","4","2025"
"21121","2025-12-21","Sunday","December","355","51","7","12","4","2025"
"21122","2025-12-22","Monday","December","356","52","1","12","4","2025"
"21123","2025-12-23","Tuesday","December","357","52","2","12","4","2025"
"21124","2025-12-24","Wednesday","December","358","52","3","12","4","2025"
"21125","2025-12-25","Thursday","December","359","52","4","12","4","2025"
"21126","2025-12-26","Friday","December","360","52","5","12","4","2025"
"21127","2025-12-27","Saturday","December","361","52","6","12","4","2025"
"21128","2025-12-28","Sunday","December","362","52","7","12","4","2025"
"21129","2025-12-29","Monday","December","363","1","1","12","4","2025"
"21130","2025-12-30","Tuesday","December","364","1","2","12","4","2025"
"21131","2025-12-31","Wednesday","December","365","1","3","12","4","2025"